{
    "train_losses": [
        1.0001717992126942,
        0.9485701411962509,
        0.7792034886777401,
        0.7462129309773445,
        0.626132958009839,
        0.6067219637334347,
        0.5929412104189395,
        0.7393044546246529,
        0.7650340862572194,
        0.736761698871851
    ],
    "val_losses": [
        0.9835394889116287,
        0.8971147000789642,
        0.7491855055093766,
        0.7852786302566528,
        0.7795050144195557,
        0.6997214168310165,
        0.8296052277088165,
        0.725331774353981,
        0.7538624852895737,
        0.6867546021938324
    ]
}