{
    "train_losses": [
        0.9838622469455004,
        0.8036290890304372,
        0.45543826251523567,
        0.31699012176832186,
        0.27045924453996123,
        0.19868626938550732,
        0.19631304207723588,
        0.16095501984236762,
        0.12843891687807626,
        0.11826829612546134,
        0.11430672334390693,
        0.09549543546745554,
        0.09047091776737944,
        0.07222563838004134,
        0.06933746586146299,
        0.06506458858784754,
        0.059164353866071905,
        0.06221733893908095,
        0.05859035772737116,
        0.053680845152121036,
        0.04099943121109391,
        0.04665686447624466,
        0.040815755896619524,
        0.03388283204913023,
        0.02859329200873617,
        0.03900376950041391,
        0.032735150089865786,
        0.031146346888272093,
        0.027278079377720133,
        0.02129399141558679,
        0.02259937915514456,
        0.020135378671693616,
        0.02887609291719855,
        0.01821433258082834,
        0.027179655442159854,
        0.022767479387403,
        0.019107747917587403,
        0.018049911802518182,
        0.022980155337427276,
        0.02012683616048889,
        0.028291009919848877,
        0.022802210187364835,
        0.03049923224898521,
        0.018818241088592914,
        0.014467807643450214,
        0.019335487405987804,
        0.014895823095139349,
        0.011979677772615105,
        0.0168790566836833,
        0.019052178962010658,
        0.015527882160677109,
        0.015458879445213824,
        0.012386429044272517,
        0.014965943767310818,
        0.011019192680396372,
        0.010292852365819272,
        0.01312039191761869,
        0.013016106434952235,
        0.015672401791380252,
        0.011266653828715788,
        0.01759651943357312,
        0.008636775240302087,
        0.009215885910089127,
        0.009057972085429356,
        0.018854538119921927,
        0.010309543627226959,
        0.014329887869098456,
        0.007276976089633536,
        0.0067395112993835935,
        0.012093408230794012,
        0.007249528705870034,
        0.009821761137209251,
        0.008198034217639361,
        0.009992506527123624,
        0.008034946790940013,
        0.005739546073164093,
        0.0063595111951144645,
        0.00800310090307903,
        0.0067765749408863485,
        0.007672133450978435
    ],
    "val_losses": [
        0.894732192903757,
        0.6211969935335219,
        0.5031515130773186,
        0.3058088473044336,
        0.2528990415856242,
        0.22962175732245668,
        0.3146757945418358,
        0.1828922263113782,
        0.1527530547697097,
        0.1508138433797285,
        0.14998264976311476,
        0.13498359388904646,
        0.12210988723672926,
        0.1397111389087513,
        0.09401969091268256,
        0.09901159354485571,
        0.0852083548088558,
        0.08529377281665802,
        0.08327730710152537,
        0.07206967222737148,
        0.04884219141677022,
        0.05157133373431862,
        0.055404288024874404,
        0.07427202846156433,
        0.0659015309647657,
        0.05078462876845151,
        0.0555031452793628,
        0.046333383966702966,
        0.051686245523160326,
        0.044269569241441785,
        0.038070996588794516,
        0.057068702578544614,
        0.059138200944289565,
        0.04342870321706869,
        0.06996314059942961,
        0.06043468295247294,
        0.032516506320098414,
        0.04224012676277198,
        0.044858081795973705,
        0.046345424867467955,
        0.03296309594879858,
        0.09531673258170485,
        0.05572673223214224,
        0.06498180998023599,
        0.03918418938410469,
        0.03657594898249954,
        0.0442178905243054,
        0.03360015448997729,
        0.049428340326994655,
        0.04496253386605531,
        0.055065938516054305,
        0.03494416264584288,
        0.03465999996406026,
        0.05902381399646402,
        0.027008728831424376,
        0.02715732069336809,
        0.03583954791538417,
        0.034880963061004876,
        0.02467990934965201,
        0.02497661972302012,
        0.02708904948667623,
        0.034666633832966906,
        0.024683179089333863,
        0.029318256583064795,
        0.026860016857972367,
        0.03507680047187023,
        0.025293755723396316,
        0.024761193827725948,
        0.03394154628040269,
        0.025737289112294094,
        0.026423537509981544,
        0.03937098277383484,
        0.030597174577997065,
        0.045280455303145575,
        0.03923415708122775,
        0.03356968624284491,
        0.029531781136756762,
        0.023517863830784337,
        0.01649687972094398,
        0.020001793827395885
    ]
}