{
    "train_losses": [
        0.9813860516063869,
        1.0036547600349877,
        1.0004695689931395,
        0.9917107530171052,
        0.9902339172549546,
        1.0014383658766746,
        0.9990365582401864,
        0.9867153079481795,
        0.9875948730390519,
        0.9989955412631388
    ],
    "val_losses": [
        0.016088122269138694,
        0.015601141649919251,
        0.015801453807701666,
        0.015898054465651512,
        0.01542948636536797,
        0.014965844457037747,
        0.01620125041032831,
        0.01539770777647694,
        0.014591458952054381,
        0.014123569630707303
    ]
}