{
    "train_losses": [
        0.9932411739602685,
        0.7812822725623846,
        0.7303443290293217,
        0.6821324709802866,
        0.6570006787776947,
        0.685356454923749,
        0.7045784391462803,
        0.7208086817525328,
        0.5846082411706448,
        0.584135411027819,
        0.6027707517147064,
        0.7763191649224609,
        0.6993871105834841,
        0.6616035679355263,
        0.6413722692057491,
        0.5708726468961686,
        0.6350060231052339,
        0.6123151241801679,
        0.6728963846806437,
        0.590026329131797,
        0.4866652153432369,
        0.5974162444472313,
        0.5680998038500548,
        0.5352555055171251,
        0.6717357606394216,
        0.5876690960722044,
        0.5471858466044068,
        0.6042743590194732,
        0.5705967479385435,
        0.5109053382184356,
        0.5309006870258599,
        0.473678480880335,
        0.4931821746751666,
        0.5160791410598904,
        0.4878067227080464,
        0.5367242360487581,
        0.5288890237919986,
        0.5423234453890473,
        0.42366120042279365,
        0.5894824720919132,
        0.492534369439818,
        0.45855302633717654,
        0.5245595558546483,
        0.5106631310656666,
        0.4828614006750286,
        0.48780457391403614,
        0.4749855627771467,
        0.4433864437043667,
        0.5032614042516798,
        0.5228395903715863,
        0.5275071331299841,
        0.43778505073860285,
        0.44741029213182626,
        0.46316704377532003,
        0.5379843066446484,
        0.583801799826324,
        0.5068698793184012,
        0.4634041056735441,
        0.4732283373828977,
        0.4764541727025062,
        0.44082536338828504,
        0.4000697652809322,
        0.41885067385155705,
        0.545994603028521,
        0.40238296128809453,
        0.42460952275432645,
        0.4098417477682233,
        0.46056528254412116,
        0.4397327625192702,
        0.404655138310045
    ],
    "val_losses": [
        0.9439257487654686,
        0.7929080843925476,
        0.6438305895775557,
        0.7310577683150769,
        0.7188743725419044,
        0.707404924184084,
        0.9246768351644278,
        0.7475330054759979,
        0.5800525724887848,
        0.6181065060198307,
        0.7812857113778591,
        0.7596357673406601,
        0.6570542097091675,
        0.6430624946951866,
        0.6508338324725628,
        0.5832912631332874,
        0.7382631519809365,
        0.6884743474423886,
        0.7523525085300207,
        0.6380405500531197,
        0.5925408434122801,
        0.5593378461897374,
        0.6616123218089343,
        0.5000495441257954,
        1.1392548255622388,
        0.5944829050451517,
        0.6533210661262274,
        0.7289081942290068,
        0.7255274288356304,
        0.5065832549706102,
        0.5022790692746639,
        0.714850015938282,
        0.5538262538611889,
        0.5509867280721664,
        0.6079172968864441,
        0.6620234724134206,
        0.8527974411845207,
        0.5808480188250542,
        0.71990782096982,
        0.8308272810652853,
        0.6735787875950336,
        0.9074954845011234,
        0.7374805618077517,
        0.5755432151257992,
        0.5459576884284616,
        0.7140470739454031,
        0.6131207071244716,
        0.8886735334992408,
        0.5018993575125933,
        0.5624445553869009,
        0.8667480818927288,
        0.5595416076481342,
        0.8755128733813763,
        0.6383939553052187,
        0.9929346662014723,
        0.6676705423742533,
        0.4940980337560177,
        0.544525659456849,
        0.6509684816002845,
        0.5327970301732421,
        0.6766214836388826,
        0.7571423100307584,
        0.737884258851409,
        0.6899089332669973,
        0.6362131096422672,
        0.874763984978199,
        0.5459797067567707,
        0.5041762992739678,
        0.5961679968982935,
        0.520163805782795
    ]
}